Date référence;Numéro Département;Nom Département;Numéro Région;Nom Région;Taux de couv EAJE PSU;Taux de couv hors EAJE PSU;Taux de couv EAJE - ensemble;Taux de couv préscolarisation;Taux de couv assistante maternelle;Taux de couv salariée à domicile;Taux de couv accueil individuel - ensemble;Taux de couv global
2017;01;AIN;84;AUVERGNE RHONE ALPES;12.6;1.7;14.3;2.4;48.9;0.7;49.7;66.4
2017;02;AISNE;32;HAUTS DE FRANCE;6.0;2.3;8.3;6.3;41.0;0.6;41.6;56.1
2017;03;ALLIER;84;AUVERGNE RHONE ALPES;10.8;1.2;12.0;5.4;46.4;0.8;47.2;64.6
2017;04;ALPES DE HAUTE PROVENCE;93;PROVENCE ALPES COTE D AZUR;23.6;0.5;24.1;4.2;23.0;0.4;23.5;51.7
2017;12;AVEYRON;76;OCCITANIE;13.5;1.1;14.6;10.0;43.2;0.9;44.1;68.7
2017;13;BOUCHES DU RHONE;93;PROVENCE ALPES COTE D AZUR;22.3;2.4;24.7;2.6;18.8;1.5;20.3;47.7
2017;18;CHER;24;CENTRE VAL DE LOIRE;10.6;0.2;10.8;3.2;51.8;0.8;52.6;66.6
2017;19;CORREZE;75;NOUVELLE AQUITAINE;18.4;0.8;19.2;6.2;36.8;1.5;38.4;63.8
2017;21;COTE D OR;27;BOURGOGNE FRANCHE COMTE;17.2;3.0;20.2;4.4;44.4;1.2;45.5;70.1
2017;25;DOUBS;27;BOURGOGNE FRANCHE COMTE;12.8;1.9;14.7;3.4;46.4;0.9;47.3;65.5
2017;28;EURE ET LOIR;24;CENTRE VAL DE LOIRE;11.6;0.5;12.1;2.3;47.0;0.7;47.7;62.1
2017;29;FINISTERE;53;BRETAGNE;13.3;0.9;14.3;12.0;52.3;1.0;53.3;79.7
2017;2B;HAUTE CORSE;94;CORSE;18.0;1.2;19.3;2.8;14.5;1.1;15.6;37.6
2017;31;HAUTE GARONNE;76;OCCITANIE;25.1;0.3;25.4;1.7;32.1;2.3;34.4;61.5
2017;35;ILLE ET VILAINE;53;BRETAGNE;12.7;1.7;14.4;8.7;52.4;1.6;54.1;77.2
2017;42;LOIRE;84;AUVERGNE RHONE ALPES;14.5;2.0;16.6;6.8;36.7;0.9;37.6;61.0
2017;43;HAUTE LOIRE;84;AUVERGNE RHONE ALPES;14.5;0.7;15.3;19.7;56.5;1.1;57.6;92.6
2017;47;LOT ET GARONNE;75;NOUVELLE AQUITAINE;17.9;0.2;18.1;4.4;31.8;0.7;32.5;55.1
2017;55;MEUSE;44;GRAND EST;12.4;0.0;12.5;8.3;45.4;0.5;45.9;66.7
2017;57;MOSELLE;44;GRAND EST;12.0;1.3;13.3;2.5;34.2;0.8;34.9;50.6
2017;58;NIEVRE;27;BOURGOGNE FRANCHE COMTE;13.6;0.2;13.8;5.8;42.0;0.8;42.8;62.4
2017;62;PAS DE CALAIS;32;HAUTS DE FRANCE;8.1;2.0;10.0;10.2;31.7;0.7;32.4;52.6
2017;65;HAUTES PYRENEES;76;OCCITANIE;13.6;1.6;15.1;8.0;32.3;0.7;33.0;56.1
2017;66;PYRENEES ORIENTALES;76;OCCITANIE;16.4;2.7;19.1;4.7;24.2;0.7;24.9;48.7
2017;68;HAUT RHIN;44;GRAND EST;17.5;1.1;18.6;1.9;27.1;0.7;27.8;48.3
2017;70;HAUTE SAONE;27;BOURGOGNE FRANCHE COMTE;9.8;0.5;10.2;3.8;46.7;0.4;47.1;61.1
2017;72;SARTHE;52;PAYS DE LA LOIRE;8.4;0.2;8.6;5.4;65.7;1.1;66.8;80.8
2017;75;PARIS;11;ILE DE FRANCE;48.9;2.4;51.3;1.5;5.9;15.0;20.9;73.7
2017;77;SEINE ET MARNE;11;ILE DE FRANCE;14.4;0.8;15.1;1.2;36.4;0.7;37.1;53.5
2017;79;DEUX SEVRES;75;NOUVELLE AQUITAINE;10.7;0.1;10.7;4.3;57.4;0.7;58.1;73.1
2017;89;YONNE;27;BOURGOGNE FRANCHE COMTE;13.1;0.3;13.4;3.9;47.0;0.4;47.4;64.7
2017;91;ESSONNE;11;ILE DE FRANCE;20.7;0.5;21.2;1.4;28.2;0.9;29.1;51.6
2017;93;SEINE SAINT DENIS;11;ILE DE FRANCE;17.1;0.3;17.5;1.6;11.2;1.5;12.7;31.7
2017;974;LA REUNION;4;LA REUNION;11.5;6.9;18.4;4.0;8.2;1.6;9.8;32.2
2018;03;ALLIER;84;AUVERGNE RHONE ALPES;10.7;0.4;11.1;6.3;43.7;0.7;44.4;61.8
2018;05;HAUTES ALPES;93;PROVENCE ALPES COTE D AZUR;25.3;1.7;27.0;2.3;27.6;0.6;28.2;57.4
2018;06;ALPES MARITIMES;93;PROVENCE ALPES COTE D AZUR;25.6;1.4;27.0;1.7;19.8;1.3;21.0;49.7
2018;09;ARIEGE;76;OCCITANIE;23.4;1.5;24.8;3.2;24.8;0.5;25.3;53.4
2018;12;AVEYRON;76;OCCITANIE;13.4;1.3;14.7;9.7;42.0;0.7;42.7;67.1
2018;14;CALVADOS;28;NORMANDIE;11.6;1.8;13.4;5.0;55.6;0.9;56.5;74.9
2018;15;CANTAL;84;AUVERGNE RHONE ALPES;10.4;1.3;11.7;4.3;53.4;0.8;54.3;70.3
2018;23;CREUSE;75;NOUVELLE AQUITAINE;10.9;0.1;10.9;6.1;41.4;0.6;42.0;59.1
2018;24;DORDOGNE;75;NOUVELLE AQUITAINE;13.6;1.2;14.9;5.2;38.8;0.9;39.7;59.7
2018;29;FINISTERE;53;BRETAGNE;13.8;1.0;14.8;12.0;53.5;1.2;54.7;81.6
2018;2A;CORSE DU SUD;94;CORSE;22.5;1.4;23.9;2.5;10.3;2.0;12.3;38.7
2018;39;JURA;27;BOURGOGNE FRANCHE COMTE;12.1;1.2;13.3;4.4;51.9;0.7;52.7;70.3
2018;41;LOIR ET CHER;24;CENTRE VAL DE LOIRE;10.3;1.1;11.5;3.2;48.5;0.8;49.3;64.0
2018;49;MAINE ET LOIRE;52;PAYS DE LA LOIRE;12.9;3.0;15.9;6.1;53.2;1.3;54.4;76.4
2018;54;MEURTHE ET MOSELLE;44;GRAND EST;17.3;0.7;18.0;3.9;35.2;1.2;36.5;58.4
2018;56;MORBIHAN;53;BRETAGNE;11.8;1.6;13.4;15.8;53.3;1.3;54.5;83.7
2018;64;PYRENEES ATLANTIQUES;75;NOUVELLE AQUITAINE;17.5;4.8;22.4;4.2;36.5;1.6;38.1;64.7
2018;65;HAUTES PYRENEES;76;OCCITANIE;13.6;2.2;15.8;7.6;32.3;0.9;33.2;56.6
2018;70;HAUTE SAONE;27;BOURGOGNE FRANCHE COMTE;9.8;0.5;10.3;3.8;48.8;0.5;49.3;63.4
2018;71;SAONE ET LOIRE;27;BOURGOGNE FRANCHE COMTE;13.9;2.8;16.7;5.5;51.7;0.8;52.4;74.6
2018;73;SAVOIE;84;AUVERGNE RHONE ALPES;18.1;1.8;19.8;1.7;42.3;1.1;43.4;64.9
2018;76;SEINE MARITIME;28;NORMANDIE;12.6;2.4;15.0;2.7;45.6;1.0;46.6;64.3
2018;77;SEINE ET MARNE;11;ILE DE FRANCE;14.8;1.0;15.9;1.2;35.2;0.7;35.9;53.0
2018;82;TARN ET GARONNE;76;OCCITANIE;14.1;2.4;16.5;5.1;33.7;0.7;34.4;56.0
2018;83;VAR;93;PROVENCE ALPES COTE D AZUR;22.3;2.5;24.8;2.1;22.5;1.6;24.1;51.0
2018;85;VENDEE;52;PAYS DE LA LOIRE;7.7;3.0;10.7;6.6;67.5;1.0;68.5;85.8
2018;87;HAUTE VIENNE;75;NOUVELLE AQUITAINE;16.8;1.8;18.6;2.3;39.1;1.4;40.6;61.5
2018;88;VOSGES;44;GRAND EST;12.4;0.4;12.7;6.0;48.8;0.5;49.3;68.0
2018;90;TERRITOIRE DE BELFORT;27;BOURGOGNE FRANCHE COMTE;15.6;0.6;16.2;5.1;34.9;0.7;35.6;56.9
2018;92;HAUTS DE SEINE;11;ILE DE FRANCE;38.2;2.0;40.2;1.5;15.5;10.4;25.9;67.7
2018;95;VAL D OISE;11;ILE DE FRANCE;14.9;1.4;16.2;1.5;23.0;1.0;24.0;41.8
2018;973;GUYANE;3;GUYANE;6.2;0.1;6.3;0.6;2.0;0.3;2.3;9.2
2019;02;AISNE;32;HAUTS DE FRANCE;6.6;3.6;10.2;5.8;41.2;0.6;41.8;57.7
2019;05;HAUTES ALPES;93;PROVENCE ALPES COTE D AZUR;25.9;1.8;27.7;3.0;27.1;0.8;27.9;58.6
2019;11;AUDE;76;OCCITANIE;16.0;0.6;16.6;5.1;25.9;1.0;26.9;48.6
2019;13;BOUCHES DU RHONE;93;PROVENCE ALPES COTE D AZUR;22.4;3.2;25.6;2.2;18.0;1.7;19.7;47.5
2019;15;CANTAL;84;AUVERGNE RHONE ALPES;10.5;1.5;12.0;4.6;54.5;0.6;55.1;71.6
2019;21;COTE D OR;27;BOURGOGNE FRANCHE COMTE;18.8;3.8;22.6;4.1;42.4;1.3;43.7;70.4
2019;22;COTES D ARMOR;53;BRETAGNE;11.1;0.5;11.6;7.9;55.3;0.9;56.2;75.7
2019;26;DROME;84;AUVERGNE RHONE ALPES;15.9;1.8;17.8;3.0;36.9;1.1;38.0;58.8
2019;33;GIRONDE;75;NOUVELLE AQUITAINE;20.1;4.0;24.1;1.8;41.9;2.0;43.9;69.8
2019;34;HERAULT;76;OCCITANIE;18.9;3.2;22.1;2.1;26.1;1.7;27.8;52.0
2019;35;ILLE ET VILAINE;53;BRETAGNE;13.2;2.5;15.7;8.2;50.2;1.7;51.9;75.7
2019;36;INDRE;24;CENTRE VAL DE LOIRE;13.3;0.3;13.7;5.3;52.5;0.7;53.2;72.1
2019;38;ISERE;84;AUVERGNE RHONE ALPES;18.4;4.1;22.5;2.2;45.1;1.0;46.1;70.7
2019;45;LOIRET;24;CENTRE VAL DE LOIRE;15.8;3.3;19.1;1.6;41.6;1.0;42.6;63.4
2019;46;LOT;76;OCCITANIE;17.3;0.5;17.8;4.3;40.4;0.5;40.9;63.0
2019;49;MAINE ET LOIRE;52;PAYS DE LA LOIRE;13.1;3.6;16.7;6.1;53.7;1.4;55.2;78.0
2019;50;MANCHE;28;NORMANDIE;10.5;1.2;11.7;7.2;60.1;0.8;60.9;79.9
2019;57;MOSELLE;44;GRAND EST;12.2;2.0;14.2;2.2;36.3;0.7;37.0;53.5
2019;60;OISE;32;HAUTS DE FRANCE;11.9;2.1;14.0;3.2;40.1;1.0;41.2;58.4
2019;61;ORNE;28;NORMANDIE;10.9;0.6;11.5;6.8;49.1;0.7;49.8;68.0
2019;63;PUY DE DOME;84;AUVERGNE RHONE ALPES;13.7;2.1;15.8;2.1;44.0;1.3;45.4;63.3
2019;64;PYRENEES ATLANTIQUES;75;NOUVELLE AQUITAINE;18.5;5.2;23.7;4.2;36.1;1.5;37.7;65.6
2019;65;HAUTES PYRENEES;76;OCCITANIE;14.2;2.8;17.1;7.0;32.6;1.0;33.6;57.7
2019;67;BAS RHIN;44;GRAND EST;21.8;8.4;30.2;2.0;31.5;1.2;32.7;64.9
2019;70;HAUTE SAONE;27;BOURGOGNE FRANCHE COMTE;10.5;0.8;11.3;4.5;55.1;0.5;55.6;71.4
2019;74;HAUTE SAVOIE;84;AUVERGNE RHONE ALPES;17.2;2.0;19.2;0.9;31.5;1.0;32.6;52.7
2019;78;YVELINES;11;ILE DE FRANCE;26.0;4.0;30.0;1.7;25.4;3.1;28.5;60.2
2019;79;DEUX SEVRES;75;NOUVELLE AQUITAINE;11.9;0.1;12.0;3.2;56.9;0.9;57.9;73.1
2019;80;SOMME;32;HAUTS DE FRANCE;11.9;3.0;14.9;6.7;44.0;0.9;44.8;66.4
2019;81;TARN;76;OCCITANIE;21.9;2.6;24.4;3.5;27.2;1.6;28.8;56.8
2019;82;TARN ET GARONNE;76;OCCITANIE;14.7;2.9;17.5;4.4;33.8;0.8;34.5;56.5
2019;85;VENDEE;52;PAYS DE LA LOIRE;8.0;3.7;11.7;6.8;65.3;1.2;66.5;85.0
2019;86;VIENNE;75;NOUVELLE AQUITAINE;12.9;0.0;12.9;2.7;51.6;0.9;52.5;68.1
2019;90;TERRITOIRE DE BELFORT;27;BOURGOGNE FRANCHE COMTE;15.2;0.7;15.9;4.8;37.6;0.6;38.2;58.9
2019;972;MARTINIQUE;2;MARTINIQUE;28.3;4.0;32.4;11.1;11.0;0.9;11.9;55.3
2019;978;COLLECTIVITE D'OUTRE MER SAINT MARTIN;COM;COM;3.0;0.0;3.0;6.9;3.6;0.1;3.7;13.6
2020;02;AISNE;32;HAUTS DE FRANCE;7.2;4.1;11.3;5.0;41.3;0.6;41.9;58.2
2020;10;AUBE;44;GRAND EST;12.3;0.3;12.6;3.1;36.6;1.1;37.7;53.3
2020;12;AVEYRON;76;OCCITANIE;15.0;2.3;17.3;7.8;43.2;0.7;43.9;69.1
2020;13;BOUCHES DU RHONE;93;PROVENCE ALPES COTE D AZUR;22.9;3.1;26.0;1.9;17.0;1.8;18.8;46.8
2020;14;CALVADOS;28;NORMANDIE;12.0;2.8;14.8;3.6;53.9;1.1;55.0;73.4
2020;17;CHARENTE MARITIME;75;NOUVELLE AQUITAINE;13.1;1.9;15.0;2.1;53.5;1.4;54.9;72.1
2020;27;EURE;28;NORMANDIE;11.0;2.0;12.9;1.5;45.9;0.6;46.5;61.0
2020;2B;HAUTE CORSE;94;CORSE;19.9;2.0;21.9;2.5;14.6;0.5;15.1;39.4
2020;44;LOIRE ATLANTIQUE;52;PAYS DE LA LOIRE;16.8;3.1;19.8;2.8;50.9;2.8;53.7;76.4
2020;45;LOIRET;24;CENTRE VAL DE LOIRE;15.3;3.8;19.1;1.4;38.8;1.1;39.8;60.3
2020;48;LOZERE;76;OCCITANIE;21.8;0.4;22.2;14.2;30.6;0.5;31.1;67.5
2020;51;MARNE;44;GRAND EST;19.7;8.1;27.8;2.8;29.4;1.5;30.9;61.5
2020;53;MAYENNE;52;PAYS DE LA LOIRE;8.9;1.7;10.6;6.7;64.8;1.0;65.8;83.1
2020;55;MEUSE;44;GRAND EST;13.6;0.5;14.2;9.0;41.6;0.5;42.1;65.2
2020;61;ORNE;28;NORMANDIE;10.7;0.5;11.2;5.3;45.8;0.5;46.3;62.9
2020;71;SAONE ET LOIRE;27;BOURGOGNE FRANCHE COMTE;14.3;3.5;17.8;5.5;49.5;0.8;50.3;73.5
2020;73;SAVOIE;84;AUVERGNE RHONE ALPES;18.5;2.7;21.2;1.7;38.8;1.3;40.1;63.0
2020;76;SEINE MARITIME;28;NORMANDIE;13.2;3.1;16.3;2.0;45.4;1.0;46.4;64.7
2020;78;YVELINES;11;ILE DE FRANCE;25.6;4.5;30.1;1.6;23.7;3.1;26.8;58.6
2020;79;DEUX SEVRES;75;NOUVELLE AQUITAINE;12.3;0.5;12.9;2.8;55.5;0.9;56.4;72.1
2020;80;SOMME;32;HAUTS DE FRANCE;13.0;3.7;16.6;5.7;43.7;0.8;44.5;66.9
2020;81;TARN;76;OCCITANIE;22.5;2.9;25.4;3.0;27.1;1.7;28.8;57.2
2020;82;TARN ET GARONNE;76;OCCITANIE;14.3;2.9;17.3;3.0;31.8;0.7;32.6;52.9
2020;83;VAR;93;PROVENCE ALPES COTE D AZUR;22.2;2.3;24.5;1.7;21.6;1.6;23.2;49.4
2020;85;VENDEE;52;PAYS DE LA LOIRE;8.0;4.1;12.1;5.1;63.5;1.1;64.5;81.7
2020;86;VIENNE;75;NOUVELLE AQUITAINE;13.3;0.1;13.4;1.9;49.7;0.8;50.6;65.9
2021;02;AISNE;32;HAUTS DE FRANCE;7.3;4.5;11.8;5.8;39.0;0.6;39.5;57.2
2021;03;ALLIER;84;AUVERGNE RHONE ALPES;11.4;0.4;11.9;5.1;47.0;0.8;47.9;64.8
2021;04;ALPES DE HAUTE PROVENCE;93;PROVENCE ALPES COTE D AZUR;25.5;2.6;28.1;3.5;20.2;0.6;20.7;52.3
2021;05;HAUTES ALPES;93;PROVENCE ALPES COTE D AZUR;26.3;1.7;27.9;2.3;24.4;0.9;25.4;55.6
2021;09;ARIEGE;76;OCCITANIE;27.1;1.4;28.6;1.8;24.5;0.7;25.2;55.6
2021;16;CHARENTE;75;NOUVELLE AQUITAINE;16.7;1.9;18.6;4.9;43.5;1.2;44.7;68.2
2021;21;COTE D OR;27;BOURGOGNE FRANCHE COMTE;19.3;4.2;23.5;3.7;40.9;1.4;42.3;69.4
2021;27;EURE;28;NORMANDIE;10.6;3.1;13.8;1.6;44.4;0.7;45.0;60.4
2021;2A;CORSE DU SUD;94;CORSE;22.9;1.5;24.4;1.6;9.1;1.2;10.3;36.3
2021;33;GIRONDE;75;NOUVELLE AQUITAINE;19.6;4.0;23.6;1.4;39.4;1.9;41.3;66.2
2021;34;HERAULT;76;OCCITANIE;18.5;4.5;23.0;1.6;25.1;1.6;26.6;51.3
2021;36;INDRE;24;CENTRE VAL DE LOIRE;12.7;0.4;13.1;3.8;45.9;0.6;46.4;63.3
2021;39;JURA;27;BOURGOGNE FRANCHE COMTE;12.6;2.6;15.2;4.8;45.9;0.6;46.4;66.4
2021;40;LANDES;75;NOUVELLE AQUITAINE;12.0;2.1;14.1;1.9;47.4;1.1;48.5;64.5
2021;42;LOIRE;84;AUVERGNE RHONE ALPES;15.9;3.3;19.2;3.2;35.2;1.1;36.3;58.8
2021;47;LOT ET GARONNE;75;NOUVELLE AQUITAINE;18.7;0.5;19.3;3.6;36.0;0.6;36.6;59.4
2021;57;MOSELLE;44;GRAND EST;13.1;3.1;16.2;2.2;33.9;0.7;34.5;53.0
2021;58;NIEVRE;27;BOURGOGNE FRANCHE COMTE;16.8;0.6;17.5;5.7;44.3;1.1;45.4;68.6
2021;59;NORD;32;HAUTS DE FRANCE;13.1;4.8;17.9;9.4;31.1;1.2;32.3;59.6
2021;61;ORNE;28;NORMANDIE;11.6;0.5;12.1;6.1;43.9;0.5;44.4;62.6
2021;62;PAS DE CALAIS;32;HAUTS DE FRANCE;9.3;4.4;13.7;9.1;32.0;0.7;32.7;55.5
2021;63;PUY DE DOME;84;AUVERGNE RHONE ALPES;14.3;2.4;16.7;1.9;44.1;1.4;45.4;64.1
2021;64;PYRENEES ATLANTIQUES;75;NOUVELLE AQUITAINE;18.7;3.8;22.6;3.3;34.7;1.4;36.1;62.0
2021;67;BAS RHIN;44;GRAND EST;23.0;11.2;34.2;1.6;29.2;1.0;30.1;65.9
2021;68;HAUT RHIN;44;GRAND EST;20.1;2.9;23.0;2.1;26.8;0.4;27.2;52.3
2021;73;SAVOIE;84;AUVERGNE RHONE ALPES;18.4;2.9;21.3;1.2;35.8;1.2;37.0;59.5
2021;75;PARIS;11;ILE DE FRANCE;51.0;3.7;54.7;1.3;4.6;12.9;17.5;73.5
2021;77;SEINE ET MARNE;11;ILE DE FRANCE;15.6;1.7;17.4;1.1;32.4;0.8;33.2;51.6
2021;80;SOMME;32;HAUTS DE FRANCE;13.0;4.4;17.4;6.2;42.1;1.1;43.2;66.9
2021;81;TARN;76;OCCITANIE;21.9;3.4;25.3;3.3;26.2;1.7;27.8;56.4
2021;83;VAR;93;PROVENCE ALPES COTE D AZUR;22.8;2.6;25.4;2.0;22.8;1.8;24.6;52.0
2021;88;VOSGES;44;GRAND EST;13.6;0.6;14.2;5.3;48.8;0.5;49.3;68.8
2021;92;HAUTS DE SEINE;11;ILE DE FRANCE;41.4;3.7;45.2;1.5;14.4;10.2;24.5;71.2
2021;93;SEINE SAINT DENIS;11;ILE DE FRANCE;18.5;1.0;19.5;1.7;10.4;2.0;12.4;33.6
2021;971;GUADELOUPE;1;GUADELOUPE;15.6;4.0;19.6;7.8;13.2;1.1;14.3;41.6
2021;972;MARTINIQUE;2;MARTINIQUE;27.0;4.1;31.1;10.1;11.3;1.0;12.3;53.4
2021;973;GUYANE;3;GUYANE;8.0;0.2;8.3;0.6;1.9;0.5;2.4;11.3
2021;978;COLLECTIVITE D'OUTRE MER SAINT MARTIN;COM;COM;5.9;0.0;5.9;9.2;5.8;0.5;6.3;21.4
2022;01;AIN;84;AUVERGNE RHONE ALPES;13.6;3.5;17.2;1.5;44.6;0.8;45.4;64.1
2022;05;HAUTES ALPES;93;PROVENCE ALPES COTE D AZUR;26.5;2.2;28.7;2.0;24.0;0.7;24.6;55.3
2022;08;ARDENNES;44;GRAND EST;11.5;7.1;18.7;5.8;36.0;0.7;36.7;61.1
2022;11;AUDE;76;OCCITANIE;17.0;1.6;18.6;4.9;24.4;1.5;25.9;49.4
2022;15;CANTAL;84;AUVERGNE RHONE ALPES;12.0;2.4;14.4;3.6;49.3;0.6;49.9;67.9
2022;18;CHER;24;CENTRE VAL DE LOIRE;12.8;0.6;13.3;2.6;49.4;0.7;50.1;66.1
2022;21;COTE D OR;27;BOURGOGNE FRANCHE COMTE;19.0;5.5;24.5;3.4;41.5;1.4;42.9;70.9
2022;25;DOUBS;27;BOURGOGNE FRANCHE COMTE;14.8;5.6;20.4;2.9;43.2;0.9;44.2;67.4
2022;28;EURE ET LOIR;24;CENTRE VAL DE LOIRE;11.9;2.6;14.5;1.7;45.5;0.9;46.4;62.6
2022;42;LOIRE;84;AUVERGNE RHONE ALPES;16.6;4.1;20.7;3.0;35.7;1.1;36.7;60.4
2022;43;HAUTE LOIRE;84;AUVERGNE RHONE ALPES;16.5;1.4;17.9;15.5;48.1;0.8;49.0;82.3
2022;46;LOT;76;OCCITANIE;18.0;1.0;19.1;3.5;40.1;0.7;40.8;63.4
2022;49;MAINE ET LOIRE;52;PAYS DE LA LOIRE;13.4;5.5;19.0;5.2;46.2;1.4;47.6;71.8
2022;52;HAUTE MARNE;44;GRAND EST;13.7;0.6;14.3;5.0;50.9;0.7;51.6;71.0
2022;55;MEUSE;44;GRAND EST;15.7;0.7;16.3;9.4;43.0;0.4;43.5;69.2
2022;56;MORBIHAN;53;BRETAGNE;13.7;2.1;15.8;13.1;46.2;1.7;47.8;76.7
2022;58;NIEVRE;27;BOURGOGNE FRANCHE COMTE;17.1;0.7;17.8;4.7;43.1;0.9;44.1;66.5
2022;60;OISE;32;HAUTS DE FRANCE;12.0;2.1;14.1;2.6;38.6;1.1;39.7;56.3
2022;62;PAS DE CALAIS;32;HAUTS DE FRANCE;9.2;5.4;14.6;9.8;31.0;0.8;31.9;56.3
2022;67;BAS RHIN;44;GRAND EST;22.4;13.5;35.9;1.6;29.3;0.9;30.2;67.7
2022;72;SARTHE;52;PAYS DE LA LOIRE;9.6;1.1;10.7;3.8;59.2;1.2;60.3;74.8
2022;73;SAVOIE;84;AUVERGNE RHONE ALPES;18.4;3.8;22.2;1.0;33.1;1.4;34.6;57.7
2022;75;PARIS;11;ILE DE FRANCE;53.8;4.5;58.3;1.4;4.7;13.7;18.4;78.2
2022;78;YVELINES;11;ILE DE FRANCE;25.5;6.6;32.1;1.6;23.0;3.3;26.3;60.0
2022;81;TARN;76;OCCITANIE;21.8;3.9;25.6;3.0;25.7;1.9;27.6;56.3
2022;83;VAR;93;PROVENCE ALPES COTE D AZUR;22.5;3.4;26.0;1.5;23.6;1.8;25.3;52.8
2022;84;VAUCLUSE;93;PROVENCE ALPES COTE D AZUR;20.2;3.7;23.9;1.2;23.9;0.9;24.8;49.9
2022;86;VIENNE;75;NOUVELLE AQUITAINE;13.1;0.8;14.0;3.0;44.1;0.9;45.0;62.0
2022;88;VOSGES;44;GRAND EST;14.1;0.6;14.7;4.6;48.7;0.6;49.3;68.6
2022;90;TERRITOIRE DE BELFORT;27;BOURGOGNE FRANCHE COMTE;15.3;2.2;17.5;4.5;37.4;0.9;38.3;60.3
2022;91;ESSONNE;11;ILE DE FRANCE;20.2;2.6;22.8;1.3;28.1;1.1;29.2;53.3
2022;92;HAUTS DE SEINE;11;ILE DE FRANCE;42.5;4.8;47.4;1.6;14.4;10.6;25.0;73.9
2022;93;SEINE SAINT DENIS;11;ILE DE FRANCE;19.4;1.4;20.7;1.7;10.7;2.2;12.9;35.3
2022;95;VAL D OISE;11;ILE DE FRANCE;15.5;2.3;17.7;1.5;20.9;1.3;22.3;41.5
2022;972;MARTINIQUE;2;MARTINIQUE;27.7;4.5;32.2;10.5;11.4;1.2;12.6;55.3
2022;978;COLLECTIVITE D'OUTRE MER SAINT MARTIN;COM;COM;7.5;0.0;7.5;10.6;7.1;1.0;8.1;26.2
2017;05;HAUTES ALPES;93;PROVENCE ALPES COTE D AZUR;26.0;1.7;27.7;2.9;30.1;0.8;30.9;61.5
2017;06;ALPES MARITIMES;93;PROVENCE ALPES COTE D AZUR;25.3;1.1;26.4;1.8;19.8;1.2;21.0;49.2
2017;07;ARDECHE;84;AUVERGNE RHONE ALPES;14.9;1.1;16.1;8.4;35.9;0.9;36.8;61.3
2017;08;ARDENNES;44;GRAND EST;10.6;2.7;13.3;7.3;38.7;0.5;39.2;59.8
2017;09;ARIEGE;76;OCCITANIE;23.0;1.5;24.5;4.2;26.2;0.4;26.6;55.3
2017;10;AUBE;44;GRAND EST;11.7;0.3;11.9;4.4;38.3;0.9;39.2;55.5
2017;11;AUDE;76;OCCITANIE;14.7;0.9;15.6;5.6;26.4;0.9;27.3;48.5
2017;16;CHARENTE;75;NOUVELLE AQUITAINE;15.8;0.8;16.6;5.3;45.7;0.6;46.3;68.2
2017;17;CHARENTE MARITIME;75;NOUVELLE AQUITAINE;12.1;1.2;13.4;2.5;55.6;1.0;56.6;72.5
2017;24;DORDOGNE;75;NOUVELLE AQUITAINE;13.4;1.1;14.5;5.5;38.2;0.8;39.0;59.0
2017;26;DROME;84;AUVERGNE RHONE ALPES;15.7;1.2;17.0;3.5;34.1;1.0;35.1;55.6
2017;27;EURE;28;NORMANDIE;10.5;1.1;11.6;1.7;33.8;0.5;34.3;47.6
2017;32;GERS;76;OCCITANIE;14.6;0.4;15.1;5.3;52.0;0.6;52.6;73.0
2017;34;HERAULT;76;OCCITANIE;18.1;2.5;20.6;2.1;25.2;1.5;26.7;49.5
2017;36;INDRE;24;CENTRE VAL DE LOIRE;12.8;0.0;12.8;4.6;53.0;0.6;53.6;71.0
2017;38;ISERE;84;AUVERGNE RHONE ALPES;17.1;2.5;19.6;2.1;44.7;1.1;45.8;67.6
2017;39;JURA;27;BOURGOGNE FRANCHE COMTE;11.3;1.0;12.3;5.0;51.2;0.6;51.8;69.1
2017;41;LOIR ET CHER;24;CENTRE VAL DE LOIRE;10.3;0.8;11.1;3.4;54.1;0.7;54.8;69.2
2017;46;LOT;76;OCCITANIE;21.0;0.5;21.5;5.0;44.2;0.6;44.8;71.3
2017;48;LOZERE;76;OCCITANIE;19.2;0.5;19.7;16.3;34.2;0.7;34.9;70.8
2017;52;HAUTE MARNE;44;GRAND EST;10.8;0.0;10.8;5.5;51.6;0.4;51.9;68.2
2017;54;MEURTHE ET MOSELLE;44;GRAND EST;16.5;0.6;17.1;4.1;34.5;1.1;35.6;56.8
2017;60;OISE;32;HAUTS DE FRANCE;10.9;1.5;12.4;3.2;39.1;0.8;39.9;55.5
2017;61;ORNE;28;NORMANDIE;10.1;0.5;10.6;6.0;48.7;0.5;49.1;65.7
2017;71;SAONE ET LOIRE;27;BOURGOGNE FRANCHE COMTE;13.3;2.2;15.4;5.8;50.2;0.7;50.9;72.1
2017;73;SAVOIE;84;AUVERGNE RHONE ALPES;17.5;1.3;18.9;1.6;33.1;1.0;34.1;54.6
2017;74;HAUTE SAVOIE;84;AUVERGNE RHONE ALPES;17.2;1.4;18.6;0.9;34.1;0.9;35.1;54.5
2017;76;SEINE MARITIME;28;NORMANDIE;12.5;1.6;14.1;2.5;46.1;1.0;47.1;63.6
2017;78;YVELINES;11;ILE DE FRANCE;25.6;2.7;28.4;2.0;25.7;3.1;28.8;59.2
2017;81;TARN;76;OCCITANIE;21.4;1.6;23.0;4.4;27.7;1.5;29.2;56.6
2017;82;TARN ET GARONNE;76;OCCITANIE;13.8;1.0;14.9;4.9;35.0;0.7;35.6;55.4
2017;83;VAR;93;PROVENCE ALPES COTE D AZUR;22.4;1.5;23.9;2.4;22.7;1.4;24.0;50.3
2017;85;VENDEE;52;PAYS DE LA LOIRE;7.8;2.5;10.4;6.2;60.0;0.9;60.9;77.4
2017;87;HAUTE VIENNE;75;NOUVELLE AQUITAINE;16.9;1.1;17.9;3.0;39.5;1.5;41.0;62.0
2017;94;VAL DE MARNE;11;ILE DE FRANCE;25.8;1.0;26.8;1.9;16.6;3.4;20.0;48.7
2017;973;GUYANE;3;GUYANE;6.5;0.1;6.5;0.7;2.3;0.5;2.7;9.9
2018;02;AISNE;32;HAUTS DE FRANCE;6.2;2.8;8.9;5.6;40.3;0.6;40.9;55.4
2018;04;ALPES DE HAUTE PROVENCE;93;PROVENCE ALPES COTE D AZUR;23.6;0.7;24.3;4.6;22.5;0.6;23.1;52.0
2018;07;ARDECHE;84;AUVERGNE RHONE ALPES;15.7;1.5;17.2;8.0;35.9;1.1;36.9;62.1
2018;08;ARDENNES;44;GRAND EST;11.7;3.6;15.3;7.3;40.4;0.5;40.9;63.4
2018;21;COTE D OR;27;BOURGOGNE FRANCHE COMTE;18.4;3.3;21.7;4.4;44.0;1.1;45.1;71.1
2018;22;COTES D ARMOR;53;BRETAGNE;10.9;0.5;11.4;7.7;54.6;0.8;55.4;74.5
2018;25;DOUBS;27;BOURGOGNE FRANCHE COMTE;12.5;2.4;14.9;3.4;45.9;0.8;46.7;65.1
2018;27;EURE;28;NORMANDIE;10.7;1.4;12.0;1.9;45.8;0.5;46.4;60.3
2018;28;EURE ET LOIR;24;CENTRE VAL DE LOIRE;11.6;0.6;12.2;2.2;47.4;0.8;48.1;62.5
2018;2B;HAUTE CORSE;94;CORSE;17.8;1.4;19.2;2.7;13.7;0.8;14.5;36.3
2018;37;INDRE ET LOIRE;24;CENTRE VAL DE LOIRE;16.6;1.3;17.9;2.5;54.9;1.3;56.2;76.5
2018;38;ISERE;84;AUVERGNE RHONE ALPES;17.8;3.3;21.1;2.2;44.2;1.0;45.2;68.5
2018;40;LANDES;75;NOUVELLE AQUITAINE;12.8;1.8;14.6;3.1;52.2;1.4;53.6;71.3
2018;44;LOIRE ATLANTIQUE;52;PAYS DE LA LOIRE;16.0;2.1;18.1;3.4;54.2;2.5;56.7;78.2
2018;45;LOIRET;24;CENTRE VAL DE LOIRE;15.7;2.7;18.4;1.6;41.4;1.0;42.4;62.5
2018;48;LOZERE;76;OCCITANIE;20.4;0.3;20.8;17.6;34.6;1.0;35.5;73.9
2018;50;MANCHE;28;NORMANDIE;10.3;0.9;11.3;8.2;60.9;0.9;61.7;81.2
2018;53;MAYENNE;52;PAYS DE LA LOIRE;8.2;1.4;9.6;7.9;65.7;0.8;66.5;84.1
2018;55;MEUSE;44;GRAND EST;12.8;0.2;13.0;7.5;45.2;0.4;45.6;66.1
2018;60;OISE;32;HAUTS DE FRANCE;11.5;1.9;13.4;3.1;40.3;1.0;41.3;57.7
2018;62;PAS DE CALAIS;32;HAUTS DE FRANCE;8.7;2.6;11.3;10.6;33.2;0.8;33.9;55.8
2018;68;HAUT RHIN;44;GRAND EST;17.9;1.6;19.6;2.1;27.7;0.7;28.5;50.1
2018;72;SARTHE;52;PAYS DE LA LOIRE;8.9;0.3;9.3;5.6;65.9;1.1;67.0;81.9
2018;74;HAUTE SAVOIE;84;AUVERGNE RHONE ALPES;17.3;1.5;18.9;0.8;33.3;1.0;34.3;54.0
2018;75;PARIS;11;ILE DE FRANCE;47.7;2.5;50.2;1.3;5.3;14.5;19.8;71.3
2018;78;YVELINES;11;ILE DE FRANCE;25.9;3.4;29.3;1.8;25.5;3.1;28.6;59.7
2018;79;DEUX SEVRES;75;NOUVELLE AQUITAINE;11.4;0.1;11.5;4.3;57.6;0.8;58.4;74.2
2018;80;SOMME;32;HAUTS DE FRANCE;11.5;2.5;14.0;6.9;43.2;0.8;44.0;64.9
2018;81;TARN;76;OCCITANIE;21.5;2.0;23.5;3.9;27.3;1.7;29.0;56.4
2018;84;VAUCLUSE;93;PROVENCE ALPES COTE D AZUR;18.8;2.4;21.2;1.2;22.8;0.8;23.6;46.0
2018;89;YONNE;27;BOURGOGNE FRANCHE COMTE;13.8;0.4;14.2;3.4;46.6;0.5;47.1;64.7
2018;91;ESSONNE;11;ILE DE FRANCE;20.2;0.7;20.9;1.4;27.4;0.8;28.2;50.5
2018;93;SEINE SAINT DENIS;11;ILE DE FRANCE;16.7;0.5;17.2;1.6;10.6;1.5;12.0;30.8
2018;94;VAL DE MARNE;11;ILE DE FRANCE;26.9;1.5;28.3;1.8;16.5;3.6;20.2;50.3
2018;974;LA REUNION;4;LA REUNION;11.8;7.6;19.4;3.6;7.5;1.5;9.0;32.0
2018;977;COLLECTIVITE D'OUTRE MER SAINT BARTHELEMY;COM;COM;0.0;0.0;0.0;5.5;0.0;0.7;0.7;6.2
2018;978;COLLECTIVITE D'OUTRE MER SAINT MARTIN;COM;COM;2.4;0.0;2.4;6.2;2.2;0.2;2.3;10.9
2019;03;ALLIER;84;AUVERGNE RHONE ALPES;11.2;0.4;11.6;5.5;43.5;0.8;44.2;61.3
2019;06;ALPES MARITIMES;93;PROVENCE ALPES COTE D AZUR;25.9;1.5;27.4;1.9;20.5;1.3;21.8;51.1
2019;07;ARDECHE;84;AUVERGNE RHONE ALPES;15.9;2.1;18.0;7.8;35.4;1.1;36.6;62.3
2019;08;ARDENNES;44;GRAND EST;11.3;4.0;15.3;6.0;39.2;0.6;39.9;61.1
2019;09;ARIEGE;76;OCCITANIE;24.1;1.5;25.6;2.9;23.7;0.6;24.3;52.8
2019;10;AUBE;44;GRAND EST;12.4;0.3;12.7;3.7;37.7;1.1;38.8;55.2
2019;12;AVEYRON;76;OCCITANIE;14.0;1.8;15.8;8.8;41.3;0.8;42.2;66.8
2019;17;CHARENTE MARITIME;75;NOUVELLE AQUITAINE;12.8;1.7;14.5;2.2;55.9;1.5;57.4;74.1
2019;19;CORREZE;75;NOUVELLE AQUITAINE;18.2;1.9;20.1;6.5;35.3;2.1;37.4;64.0
2019;25;DOUBS;27;BOURGOGNE FRANCHE COMTE;13.5;3.1;16.5;3.1;45.2;0.8;46.0;65.6
2019;28;EURE ET LOIR;24;CENTRE VAL DE LOIRE;11.9;0.9;12.9;1.9;48.5;0.9;49.4;64.2
2019;2A;CORSE DU SUD;94;CORSE;23.4;1.7;25.1;1.7;14.3;2.0;16.2;43.0
2019;37;INDRE ET LOIRE;24;CENTRE VAL DE LOIRE;17.1;1.8;18.8;2.0;54.3;1.3;55.6;76.5
2019;39;JURA;27;BOURGOGNE FRANCHE COMTE;12.1;1.5;13.6;5.2;51.2;0.6;51.8;70.6
2019;41;LOIR ET CHER;24;CENTRE VAL DE LOIRE;10.9;1.6;12.5;3.0;51.8;0.6;52.5;68.0
2019;42;LOIRE;84;AUVERGNE RHONE ALPES;15.1;2.5;17.5;4.8;36.9;1.0;37.9;60.2
2019;44;LOIRE ATLANTIQUE;52;PAYS DE LA LOIRE;16.3;2.4;18.7;3.3;53.6;2.8;56.3;78.3
2019;47;LOT ET GARONNE;75;NOUVELLE AQUITAINE;18.2;0.4;18.5;4.2;33.4;0.8;34.2;57.0
2019;48;LOZERE;76;OCCITANIE;21.2;0.5;21.7;15.8;31.6;0.3;31.9;69.4
2019;51;MARNE;44;GRAND EST;18.5;6.9;25.4;3.1;33.6;1.4;35.0;63.5
2019;52;HAUTE MARNE;44;GRAND EST;12.2;0.4;12.6;4.8;53.2;0.6;53.8;71.2
2019;53;MAYENNE;52;PAYS DE LA LOIRE;8.6;1.5;10.1;7.5;67.1;1.0;68.2;85.7
2019;56;MORBIHAN;53;BRETAGNE;12.2;1.7;14.0;14.7;52.8;1.1;54.0;82.6
2019;58;NIEVRE;27;BOURGOGNE FRANCHE COMTE;15.2;0.3;15.5;5.9;40.5;0.9;41.4;62.8
2019;59;NORD;32;HAUTS DE FRANCE;12.2;3.6;15.7;9.8;32.0;1.1;33.1;58.6
2019;62;PAS DE CALAIS;32;HAUTS DE FRANCE;8.9;3.2;12.0;10.6;32.9;0.7;33.6;56.2
2019;66;PYRENEES ORIENTALES;76;OCCITANIE;16.5;3.4;20.0;4.9;24.0;0.7;24.6;49.5
2019;68;HAUT RHIN;44;GRAND EST;18.7;2.1;20.8;2.1;27.9;0.6;28.5;51.4
2019;69;RHONE;84;AUVERGNE RHONE ALPES;19.5;3.9;23.4;4.0;27.1;2.6;29.6;57.0
2019;73;SAVOIE;84;AUVERGNE RHONE ALPES;17.8;2.2;20.1;1.8;41.5;1.2;42.7;64.6
2019;75;PARIS;11;ILE DE FRANCE;48.9;2.8;51.7;1.1;5.0;14.5;19.5;72.3
2019;77;SEINE ET MARNE;11;ILE DE FRANCE;15.2;1.3;16.5;1.1;34.2;0.8;35.0;52.6
2019;87;HAUTE VIENNE;75;NOUVELLE AQUITAINE;16.6;2.1;18.7;2.5;39.5;1.5;41.0;62.1
2019;88;VOSGES;44;GRAND EST;13.0;0.4;13.4;5.5;49.9;0.4;50.3;69.1
2019;93;SEINE SAINT DENIS;11;ILE DE FRANCE;17.1;0.6;17.7;1.6;10.4;1.6;12.0;31.3
2019;95;VAL D OISE;11;ILE DE FRANCE;15.3;1.6;16.9;1.4;21.8;1.1;22.9;41.2
2019;973;GUYANE;3;GUYANE;7.6;0.1;7.7;0.6;2.0;0.4;2.4;10.7
2019;977;COLLECTIVITE D'OUTRE MER SAINT BARTHELEMY;COM;COM;0.0;0.0;0.0;4.3;0.0;1.5;1.5;5.8
2020;05;HAUTES ALPES;93;PROVENCE ALPES COTE D AZUR;25.4;1.6;27.1;2.3;24.5;0.7;25.2;54.6
2020;08;ARDENNES;44;GRAND EST;11.8;5.5;17.3;4.1;38.9;0.6;39.5;61.0
2020;15;CANTAL;84;AUVERGNE RHONE ALPES;10.5;1.6;12.0;3.1;51.7;0.8;52.5;67.7
2020;16;CHARENTE;75;NOUVELLE AQUITAINE;17.0;1.5;18.5;4.8;42.4;1.1;43.6;66.8
2020;18;CHER;24;CENTRE VAL DE LOIRE;12.1;1.6;13.7;2.3;49.9;0.5;50.4;66.3
2020;19;CORREZE;75;NOUVELLE AQUITAINE;18.4;1.5;19.8;5.0;34.9;1.5;36.4;61.2
2020;21;COTE D OR;27;BOURGOGNE FRANCHE COMTE;18.6;4.0;22.6;3.5;40.8;1.2;42.0;68.2
2020;22;COTES D ARMOR;53;BRETAGNE;11.6;0.6;12.2;8.1;54.7;0.7;55.3;75.7
2020;23;CREUSE;75;NOUVELLE AQUITAINE;11.9;0.1;12.0;5.3;39.6;0.5;40.1;57.5
2020;24;DORDOGNE;75;NOUVELLE AQUITAINE;15.1;1.4;16.5;4.0;38.3;0.8;39.1;59.5
2020;30;GARD;76;OCCITANIE;20.8;0.8;21.6;2.7;24.8;1.1;25.9;50.2
2020;32;GERS;76;OCCITANIE;15.6;0.6;16.3;4.0;43.2;0.4;43.6;63.8
2020;33;GIRONDE;75;NOUVELLE AQUITAINE;19.6;3.7;23.3;1.4;39.6;1.9;41.5;66.2
2020;34;HERAULT;76;OCCITANIE;18.9;3.6;22.5;1.8;25.3;1.6;26.9;51.2
2020;35;ILLE ET VILAINE;53;BRETAGNE;13.0;3.0;16.0;7.8;48.1;1.6;49.8;73.5
2020;42;LOIRE;84;AUVERGNE RHONE ALPES;15.5;2.8;18.3;3.3;36.4;1.1;37.5;59.2
2020;46;LOT;76;OCCITANIE;17.8;0.5;18.4;3.0;40.0;0.4;40.5;61.8
2020;49;MAINE ET LOIRE;52;PAYS DE LA LOIRE;14.0;4.0;18.1;5.1;53.4;1.5;54.9;78.1
2020;50;MANCHE;28;NORMANDIE;10.1;1.2;11.3;6.0;57.3;0.9;58.2;75.5
2020;52;HAUTE MARNE;44;GRAND EST;12.4;0.4;12.8;4.6;52.1;0.6;52.7;70.0
2020;56;MORBIHAN;53;BRETAGNE;12.4;2.2;14.5;13.2;49.3;1.1;50.4;78.1
2020;60;OISE;32;HAUTS DE FRANCE;11.9;2.3;14.2;2.7;38.6;1.0;39.6;56.6
2020;62;PAS DE CALAIS;32;HAUTS DE FRANCE;9.1;3.6;12.7;8.4;32.5;0.7;33.2;54.2
2020;65;HAUTES PYRENEES;76;OCCITANIE;13.9;3.7;17.6;5.4;29.7;0.8;30.5;53.6
2020;67;BAS RHIN;44;GRAND EST;21.9;9.3;31.3;1.7;28.9;1.0;30.0;63.0
2020;69;RHONE;84;AUVERGNE RHONE ALPES;20.2;4.1;24.3;3.5;27.3;2.5;29.8;57.6
2020;70;HAUTE SAONE;27;BOURGOGNE FRANCHE COMTE;10.9;0.9;11.8;2.7;53.5;0.5;54.0;68.5
2020;72;SARTHE;52;PAYS DE LA LOIRE;9.5;0.5;10.0;3.3;60.9;1.0;61.9;75.2
2020;84;VAUCLUSE;93;PROVENCE ALPES COTE D AZUR;19.5;2.5;22.0;1.2;23.0;1.0;24.0;47.1
2020;87;HAUTE VIENNE;75;NOUVELLE AQUITAINE;16.3;1.7;18.0;1.8;37.5;1.4;39.0;58.8
2020;88;VOSGES;44;GRAND EST;13.1;0.5;13.6;4.9;48.2;0.5;48.7;67.2
2020;90;TERRITOIRE DE BELFORT;27;BOURGOGNE FRANCHE COMTE;15.7;0.8;16.6;4.5;37.8;0.6;38.3;59.4
2020;92;HAUTS DE SEINE;11;ILE DE FRANCE;40.5;3.1;43.5;1.5;14.5;11.1;25.6;70.6
2020;94;VAL DE MARNE;11;ILE DE FRANCE;27.4;2.1;29.5;1.7;15.3;3.7;19.1;50.3
2020;972;MARTINIQUE;2;MARTINIQUE;28.3;3.9;32.2;10.1;11.2;1.1;12.3;54.7
2020;973;GUYANE;3;GUYANE;8.1;0.1;8.2;0.5;2.0;0.4;2.4;11.1
2020;974;LA REUNION;4;LA REUNION;13.7;8.5;22.2;3.0;8.3;1.7;10.0;35.2
2020;977;COLLECTIVITE D'OUTRE MER SAINT BARTHELEMY;COM;COM;0.0;0.0;0.0;5.9;26.5;3.1;29.6;35.5
2020;978;COLLECTIVITE D'OUTRE MER SAINT MARTIN;COM;COM;2.8;0.0;2.8;10.5;4.7;0.3;5.0;18.3
2021;01;AIN;84;AUVERGNE RHONE ALPES;13.5;2.8;16.3;1.8;45.6;0.8;46.4;64.5
2021;07;ARDECHE;84;AUVERGNE RHONE ALPES;16.8;2.2;19.1;6.4;35.2;1.1;36.3;61.7
2021;08;ARDENNES;44;GRAND EST;11.1;6.2;17.3;5.4;35.9;0.7;36.5;59.2
2021;11;AUDE;76;OCCITANIE;17.1;0.9;18.0;4.8;24.3;1.3;25.6;48.4
2021;12;AVEYRON;76;OCCITANIE;14.5;2.4;16.9;8.6;43.0;0.9;43.9;69.4
2021;13;BOUCHES DU RHONE;93;PROVENCE ALPES COTE D AZUR;23.7;3.5;27.2;2.1;17.4;1.8;19.1;48.5
2021;17;CHARENTE MARITIME;75;NOUVELLE AQUITAINE;13.0;1.8;14.8;2.2;52.7;1.4;54.1;71.1
2021;19;CORREZE;75;NOUVELLE AQUITAINE;18.3;1.8;20.1;5.1;36.2;1.9;38.2;63.4
2021;24;DORDOGNE;75;NOUVELLE AQUITAINE;14.5;1.3;15.8;4.5;37.1;1.1;38.3;58.6
2021;25;DOUBS;27;BOURGOGNE FRANCHE COMTE;14.4;4.2;18.7;3.0;43.9;1.0;44.8;66.5
2021;26;DROME;84;AUVERGNE RHONE ALPES;17.1;2.6;19.7;2.6;38.4;1.1;39.5;61.8
2021;2B;HAUTE CORSE;94;CORSE;22.4;2.3;24.6;3.3;15.3;0.8;16.1;44.0
2021;30;GARD;76;OCCITANIE;20.9;1.1;22.0;2.7;24.8;1.2;26.0;50.7
2021;32;GERS;76;OCCITANIE;14.5;1.4;15.9;5.0;40.8;0.6;41.4;62.2
2021;41;LOIR ET CHER;24;CENTRE VAL DE LOIRE;11.6;2.9;14.5;2.7;49.3;0.5;49.8;67.0
2021;43;HAUTE LOIRE;84;AUVERGNE RHONE ALPES;15.9;1.4;17.3;15.1;47.1;0.9;48.1;80.4
2021;44;LOIRE ATLANTIQUE;52;PAYS DE LA LOIRE;17.4;3.7;21.1;3.0;49.0;2.8;51.8;76.0
2021;45;LOIRET;24;CENTRE VAL DE LOIRE;14.6;3.7;18.4;1.4;37.9;1.0;38.9;58.7
2021;46;LOT;76;OCCITANIE;17.8;0.7;18.5;3.2;39.2;0.6;39.8;61.4
2021;48;LOZERE;76;OCCITANIE;19.8;0.4;20.2;14.1;27.8;0.5;28.3;62.6
2021;52;HAUTE MARNE;44;GRAND EST;13.6;0.4;14.0;4.9;50.9;0.7;51.7;70.5
2021;53;MAYENNE;52;PAYS DE LA LOIRE;8.3;2.5;10.8;6.3;60.1;0.8;60.9;78.0
2021;55;MEUSE;44;GRAND EST;15.0;0.6;15.6;9.3;41.0;0.6;41.5;66.4
2021;56;MORBIHAN;53;BRETAGNE;13.1;1.5;14.6;13.8;47.7;1.4;49.1;77.4
2021;60;OISE;32;HAUTS DE FRANCE;11.9;1.7;13.6;2.7;38.1;0.9;38.9;55.2
2021;66;PYRENEES ORIENTALES;76;OCCITANIE;16.1;4.5;20.6;3.7;23.1;1.0;24.2;48.5
2021;78;YVELINES;11;ILE DE FRANCE;26.1;5.3;31.4;1.5;23.0;3.0;25.9;58.9
2021;79;DEUX SEVRES;75;NOUVELLE AQUITAINE;12.4;0.6;12.9;3.0;52.8;0.9;53.7;69.6
2021;82;TARN ET GARONNE;76;OCCITANIE;15.4;2.7;18.1;3.6;32.5;0.7;33.2;54.8
2021;84;VAUCLUSE;93;PROVENCE ALPES COTE D AZUR;20.1;2.7;22.8;1.2;23.9;0.9;24.8;48.8
2021;85;VENDEE;52;PAYS DE LA LOIRE;8.2;4.9;13.2;6.7;64.2;1.0;65.2;85.1
2021;89;YONNE;27;BOURGOGNE FRANCHE COMTE;14.5;0.5;15.0;2.3;42.7;0.6;43.4;60.6
2021;90;TERRITOIRE DE BELFORT;27;BOURGOGNE FRANCHE COMTE;16.0;1.3;17.3;5.5;36.1;0.9;37.0;59.8
2021;94;VAL DE MARNE;11;ILE DE FRANCE;28.3;2.6;30.9;1.9;14.2;3.7;17.9;50.7
2021;974;LA REUNION;4;LA REUNION;13.7;9.1;22.8;3.3;9.2;1.8;11.1;37.1
2021;977;COLLECTIVITE D'OUTRE MER SAINT BARTHELEMY;COM;COM;0.0;0.0;0.0;5.0;0.0;3.1;3.1;8.1
2022;02;AISNE;32;HAUTS DE FRANCE;7.3;5.4;12.7;5.5;42.4;0.6;43.0;61.2
2022;03;ALLIER;84;AUVERGNE RHONE ALPES;11.7;0.4;12.1;5.0;46.2;1.1;47.3;64.4
2022;06;ALPES MARITIMES;93;PROVENCE ALPES COTE D AZUR;26.8;2.3;29.2;1.5;20.5;1.7;22.2;52.8
2022;13;BOUCHES DU RHONE;93;PROVENCE ALPES COTE D AZUR;23.7;4.4;28.1;1.9;17.2;2.1;19.3;49.3
2022;14;CALVADOS;28;NORMANDIE;11.9;4.1;15.9;3.6;51.4;1.1;52.5;72.1
2022;16;CHARENTE;75;NOUVELLE AQUITAINE;17.1;2.2;19.3;4.6;42.0;1.1;43.1;67.0
2022;17;CHARENTE MARITIME;75;NOUVELLE AQUITAINE;13.2;2.1;15.3;2.1;54.1;1.5;55.6;73.1
2022;19;CORREZE;75;NOUVELLE AQUITAINE;17.9;2.1;20.0;4.7;34.7;1.7;36.5;61.2
2022;24;DORDOGNE;75;NOUVELLE AQUITAINE;14.5;1.5;16.0;4.4;35.1;1.5;36.6;57.0
2022;29;FINISTERE;53;BRETAGNE;14.1;0.9;15.0;10.1;50.0;1.4;51.4;76.5
2022;2B;HAUTE CORSE;94;CORSE;21.8;2.9;24.8;2.5;15.0;0.9;15.9;43.2
2022;31;HAUTE GARONNE;76;OCCITANIE;27.0;1.7;28.7;0.9;30.2;2.3;32.5;62.1
2022;33;GIRONDE;75;NOUVELLE AQUITAINE;19.5;5.0;24.5;1.2;40.6;2.2;42.8;68.5
2022;40;LANDES;75;NOUVELLE AQUITAINE;12.2;2.7;15.0;1.8;47.6;1.2;48.8;65.5
2022;41;LOIR ET CHER;24;CENTRE VAL DE LOIRE;11.6;3.4;15.0;2.6;47.1;0.4;47.5;65.1
2022;45;LOIRET;24;CENTRE VAL DE LOIRE;15.0;4.3;19.3;1.7;37.8;1.0;38.8;59.8
2022;48;LOZERE;76;OCCITANIE;20.6;0.1;20.8;13.0;27.8;0.5;28.4;62.1
2022;50;MANCHE;28;NORMANDIE;10.8;2.2;13.0;7.0;56.3;0.9;57.1;77.2
2022;51;MARNE;44;GRAND EST;19.9;10.1;30.0;2.9;29.0;1.5;30.5;63.3
2022;54;MEURTHE ET MOSELLE;44;GRAND EST;19.9;2.0;22.0;3.0;33.9;1.4;35.3;60.2
2022;57;MOSELLE;44;GRAND EST;13.6;4.1;17.7;2.3;33.6;0.7;34.3;54.2
2022;59;NORD;32;HAUTS DE FRANCE;13.3;6.0;19.3;9.9;31.3;1.1;32.4;61.6
2022;63;PUY DE DOME;84;AUVERGNE RHONE ALPES;14.3;3.0;17.3;2.0;44.4;1.5;45.9;65.3
2022;64;PYRENEES ATLANTIQUES;75;NOUVELLE AQUITAINE;18.8;4.3;23.1;3.4;38.4;1.5;39.9;66.4
2022;66;PYRENEES ORIENTALES;76;OCCITANIE;16.2;5.7;21.9;3.3;23.9;1.2;25.1;50.3
2022;74;HAUTE SAVOIE;84;AUVERGNE RHONE ALPES;17.6;4.0;21.6;0.8;31.1;1.2;32.3;54.7
2022;76;SEINE MARITIME;28;NORMANDIE;13.7;4.2;18.0;1.7;43.9;1.1;45.0;64.7
2022;80;SOMME;32;HAUTS DE FRANCE;12.8;5.0;17.8;5.8;40.3;1.0;41.3;64.9
2022;85;VENDEE;52;PAYS DE LA LOIRE;8.4;6.2;14.6;6.8;62.6;0.9;63.5;85.0
2022;87;HAUTE VIENNE;75;NOUVELLE AQUITAINE;16.7;3.0;19.7;2.2;35.8;1.5;37.4;59.2
2022;94;VAL DE MARNE;11;ILE DE FRANCE;29.1;3.5;32.6;1.9;15.4;4.1;19.5;54.0
2022;971;GUADELOUPE;1;GUADELOUPE;16.0;4.4;20.4;8.7;13.8;1.2;15.0;44.1
2022;973;GUYANE;3;GUYANE;8.7;0.3;9.0;0.4;2.0;0.6;2.7;12.0
2022;974;LA REUNION;4;LA REUNION;14.0;10.5;24.5;3.1;9.9;2.1;12.0;39.6
2017;14;CALVADOS;28;NORMANDIE;10.9;1.5;12.4;5.0;56.6;0.9;57.5;74.8
2017;15;CANTAL;84;AUVERGNE RHONE ALPES;10.0;1.3;11.3;5.1;59.2;0.8;60.0;76.3
2017;22;COTES D ARMOR;53;BRETAGNE;10.8;0.4;11.2;8.8;54.5;0.8;55.2;75.2
2017;23;CREUSE;75;NOUVELLE AQUITAINE;11.0;0.6;11.6;7.2;43.6;0.7;44.3;63.1
2017;2A;CORSE DU SUD;94;CORSE;22.4;0.6;23.0;2.3;8.7;2.2;10.9;36.2
2017;30;GARD;76;OCCITANIE;18.7;0.2;18.9;3.4;15.6;1.0;16.6;38.8
2017;33;GIRONDE;75;NOUVELLE AQUITAINE;19.4;2.5;22.0;1.9;41.8;1.8;43.6;67.5
2017;37;INDRE ET LOIRE;24;CENTRE VAL DE LOIRE;16.3;0.9;17.2;2.4;53.0;1.1;54.1;73.7
2017;40;LANDES;75;NOUVELLE AQUITAINE;12.2;1.5;13.7;3.1;50.4;1.2;51.6;68.4
2017;44;LOIRE ATLANTIQUE;52;PAYS DE LA LOIRE;15.6;1.8;17.4;3.8;55.2;2.1;57.3;78.5
2017;45;LOIRET;24;CENTRE VAL DE LOIRE;15.4;2.4;17.7;2.1;41.9;1.0;42.9;62.8
2017;49;MAINE ET LOIRE;52;PAYS DE LA LOIRE;12.8;2.6;15.4;6.2;55.7;1.2;56.9;78.5
2017;50;MANCHE;28;NORMANDIE;9.4;0.4;9.8;8.3;60.7;0.9;61.5;79.6
2017;51;MARNE;44;GRAND EST;17.2;5.5;22.7;3.4;32.2;1.4;33.7;59.8
2017;53;MAYENNE;52;PAYS DE LA LOIRE;8.3;1.1;9.4;7.4;66.8;0.8;67.6;84.4
2017;56;MORBIHAN;53;BRETAGNE;11.3;1.4;12.6;14.8;52.1;1.2;53.3;80.8
2017;59;NORD;32;HAUTS DE FRANCE;11.6;2.3;14.0;11.0;31.2;1.1;32.3;57.3
2017;63;PUY DE DOME;84;AUVERGNE RHONE ALPES;14.0;1.8;15.8;1.9;45.7;1.1;46.7;64.5
2017;64;PYRENEES ATLANTIQUES;75;NOUVELLE AQUITAINE;17.7;4.9;22.6;4.8;38.7;1.4;40.0;67.4
2017;67;BAS RHIN;44;GRAND EST;21.1;5.5;26.5;2.1;32.8;1.1;33.8;62.4
2017;69;RHONE;84;AUVERGNE RHONE ALPES;18.8;3.1;21.9;4.2;31.2;2.5;33.7;59.8
2017;80;SOMME;32;HAUTS DE FRANCE;11.2;0.9;12.1;6.6;43.8;0.7;44.5;63.2
2017;84;VAUCLUSE;93;PROVENCE ALPES COTE D AZUR;18.6;1.4;20.0;1.4;23.6;0.8;24.4;45.8
2017;86;VIENNE;75;NOUVELLE AQUITAINE;12.7;0.1;12.8;2.5;54.1;1.0;55.1;70.3
2017;88;VOSGES;44;GRAND EST;12.1;0.2;12.4;6.2;48.4;0.5;48.9;67.4
2017;90;TERRITOIRE DE BELFORT;27;BOURGOGNE FRANCHE COMTE;15.2;0.4;15.7;4.6;34.9;0.4;35.3;55.6
2017;92;HAUTS DE SEINE;11;ILE DE FRANCE;37.7;1.5;39.2;1.6;15.8;10.5;26.3;67.1
2017;95;VAL D OISE;11;ILE DE FRANCE;15.3;1.2;16.5;1.4;23.5;0.9;24.4;42.3
2017;971;GUADELOUPE;1;GUADELOUPE;15.8;2.2;18.0;6.9;12.6;0.9;13.5;38.4
2017;972;MARTINIQUE;2;MARTINIQUE;31.9;4.2;36.1;13.5;12.7;1.0;13.7;63.3
2018;01;AIN;84;AUVERGNE RHONE ALPES;12.4;2.1;14.5;2.2;47.1;0.8;47.9;64.6
2018;10;AUBE;44;GRAND EST;11.9;0.3;12.1;3.7;38.9;1.0;39.9;55.8
2018;11;AUDE;76;OCCITANIE;15.6;0.6;16.2;5.1;26.4;1.2;27.5;48.9
2018;13;BOUCHES DU RHONE;93;PROVENCE ALPES COTE D AZUR;22.2;2.8;25.0;2.3;18.2;1.6;19.8;47.1
2018;16;CHARENTE;75;NOUVELLE AQUITAINE;16.1;0.9;17.1;5.7;44.8;0.8;45.5;68.3
2018;17;CHARENTE MARITIME;75;NOUVELLE AQUITAINE;12.4;1.4;13.8;2.6;56.2;1.3;57.5;73.9
2018;18;CHER;24;CENTRE VAL DE LOIRE;11.0;0.3;11.3;2.9;50.6;0.8;51.4;65.6
2018;19;CORREZE;75;NOUVELLE AQUITAINE;17.7;1.8;19.5;6.5;35.0;1.8;36.9;62.9
2018;26;DROME;84;AUVERGNE RHONE ALPES;16.1;1.6;17.6;3.1;37.9;1.1;39.0;59.7
2018;30;GARD;76;OCCITANIE;19.4;0.4;19.8;3.4;25.0;1.1;26.1;49.3
2018;31;HAUTE GARONNE;76;OCCITANIE;26.3;0.6;26.9;1.8;32.0;2.5;34.5;63.2
2018;32;GERS;76;OCCITANIE;15.7;0.4;16.2;5.7;52.1;0.6;52.7;74.6
2018;33;GIRONDE;75;NOUVELLE AQUITAINE;19.9;3.4;23.3;1.8;41.3;1.9;43.2;68.2
2018;34;HERAULT;76;OCCITANIE;18.3;2.8;21.0;2.1;25.7;1.6;27.3;50.4
2018;35;ILLE ET VILAINE;53;BRETAGNE;13.0;2.0;15.0;8.6;50.5;1.6;52.1;75.6
2018;36;INDRE;24;CENTRE VAL DE LOIRE;13.4;0.3;13.7;5.4;53.0;0.6;53.6;72.7
2018;42;LOIRE;84;AUVERGNE RHONE ALPES;15.2;2.3;17.5;6.4;37.3;1.0;38.3;62.2
2018;43;HAUTE LOIRE;84;AUVERGNE RHONE ALPES;14.0;0.6;14.7;17.7;54.4;1.0;55.5;87.8
2018;46;LOT;76;OCCITANIE;16.7;0.5;17.2;4.8;40.3;0.5;40.7;62.8
2018;47;LOT ET GARONNE;75;NOUVELLE AQUITAINE;18.0;0.3;18.3;4.4;33.4;0.7;34.1;56.9
2018;51;MARNE;44;GRAND EST;17.9;5.9;23.8;3.1;32.9;1.5;34.4;61.3
2018;52;HAUTE MARNE;44;GRAND EST;11.8;0.3;12.1;6.2;52.5;0.4;52.9;71.2
2018;57;MOSELLE;44;GRAND EST;12.0;1.6;13.6;2.3;36.9;0.7;37.6;53.5
2018;58;NIEVRE;27;BOURGOGNE FRANCHE COMTE;14.2;0.3;14.5;5.5;40.0;0.9;40.9;60.9
2018;59;NORD;32;HAUTS DE FRANCE;12.0;2.9;14.8;10.7;31.1;1.1;32.2;57.8
2018;61;ORNE;28;NORMANDIE;10.4;0.6;10.9;7.0;48.4;0.6;49.0;66.9
2018;63;PUY DE DOME;84;AUVERGNE RHONE ALPES;14.0;2.1;16.1;2.0;44.6;1.3;45.8;64.0
2018;66;PYRENEES ORIENTALES;76;OCCITANIE;16.8;3.1;19.9;4.5;23.7;0.7;24.4;48.9
2018;67;BAS RHIN;44;GRAND EST;21.5;7.0;28.5;2.2;32.1;1.1;33.2;63.9
2018;69;RHONE;84;AUVERGNE RHONE ALPES;18.9;3.5;22.5;4.1;31.5;2.5;34.0;60.6
2018;86;VIENNE;75;NOUVELLE AQUITAINE;12.6;0.0;12.7;2.8;53.3;0.9;54.2;69.7
2018;971;GUADELOUPE;1;GUADELOUPE;16.7;2.9;19.6;9.5;13.8;1.0;14.7;43.8
2018;972;MARTINIQUE;2;MARTINIQUE;28.1;3.9;32.0;11.5;10.7;0.9;11.5;55.0
2019;01;AIN;84;AUVERGNE RHONE ALPES;13.0;2.3;15.4;2.1;47.8;0.8;48.5;66.0
2019;04;ALPES DE HAUTE PROVENCE;93;PROVENCE ALPES COTE D AZUR;24.8;0.9;25.8;4.3;22.2;0.6;22.8;52.9
2019;14;CALVADOS;28;NORMANDIE;12.0;2.4;14.4;4.3;55.8;1.0;56.8;75.5
2019;16;CHARENTE;75;NOUVELLE AQUITAINE;16.7;1.0;17.6;5.3;43.4;0.9;44.4;67.3
2019;18;CHER;24;CENTRE VAL DE LOIRE;11.3;0.3;11.7;2.5;49.3;0.5;49.8;64.0
2019;23;CREUSE;75;NOUVELLE AQUITAINE;11.8;0.1;11.9;6.4;41.5;0.8;42.3;60.6
2019;24;DORDOGNE;75;NOUVELLE AQUITAINE;14.4;1.4;15.8;4.5;38.4;1.0;39.4;59.7
2019;27;EURE;28;NORMANDIE;10.9;1.7;12.6;1.9;49.0;0.6;49.6;64.1
2019;29;FINISTERE;53;BRETAGNE;14.0;1.1;15.1;11.4;52.7;1.3;54.0;80.4
2019;2B;HAUTE CORSE;94;CORSE;18.6;2.0;20.6;2.7;8.8;0.7;9.4;32.8
2019;30;GARD;76;OCCITANIE;20.1;0.6;20.7;3.3;25.6;1.2;26.8;50.8
2019;31;HAUTE GARONNE;76;OCCITANIE;27.1;0.8;27.8;1.5;30.1;2.5;32.6;61.9
2019;32;GERS;76;OCCITANIE;15.7;0.5;16.2;4.9;48.5;0.8;49.3;70.4
2019;40;LANDES;75;NOUVELLE AQUITAINE;12.3;1.9;14.2;2.3;48.6;1.1;49.7;66.2
2019;43;HAUTE LOIRE;84;AUVERGNE RHONE ALPES;14.7;0.8;15.5;14.8;56.4;1.0;57.4;87.6
2019;54;MEURTHE ET MOSELLE;44;GRAND EST;17.6;0.9;18.5;3.2;35.4;1.2;36.6;58.4
2019;55;MEUSE;44;GRAND EST;13.4;0.5;13.9;10.4;43.9;0.6;44.6;68.9
2019;71;SAONE ET LOIRE;27;BOURGOGNE FRANCHE COMTE;14.2;3.3;17.5;5.6;53.1;0.8;53.9;76.9
2019;72;SARTHE;52;PAYS DE LA LOIRE;8.7;0.4;9.1;4.6;63.7;1.0;64.7;78.4
2019;76;SEINE MARITIME;28;NORMANDIE;12.8;2.7;15.5;2.2;46.0;1.1;47.1;64.8
2019;83;VAR;93;PROVENCE ALPES COTE D AZUR;22.0;3.0;24.9;2.0;22.7;1.7;24.4;51.3
2019;84;VAUCLUSE;93;PROVENCE ALPES COTE D AZUR;19.6;2.7;22.3;1.2;23.6;1.0;24.5;48.0
2019;89;YONNE;27;BOURGOGNE FRANCHE COMTE;13.8;0.5;14.3;2.7;45.3;0.4;45.7;62.8
2019;91;ESSONNE;11;ILE DE FRANCE;20.3;1.1;21.3;1.4;26.4;0.9;27.2;50.0
2019;92;HAUTS DE SEINE;11;ILE DE FRANCE;39.8;2.7;42.5;1.7;15.5;11.0;26.5;70.6
2019;94;VAL DE MARNE;11;ILE DE FRANCE;26.7;1.8;28.6;1.8;15.2;3.7;18.9;49.3
2019;971;GUADELOUPE;1;GUADELOUPE;15.7;3.2;18.9;8.4;13.5;1.0;14.5;41.8
2019;974;LA REUNION;4;LA REUNION;12.2;8.3;20.5;3.6;7.8;1.6;9.4;33.5
2020;01;AIN;84;AUVERGNE RHONE ALPES;12.9;2.6;15.6;1.6;45.4;0.7;46.2;63.4
2020;03;ALLIER;84;AUVERGNE RHONE ALPES;11.4;0.4;11.8;4.8;46.2;0.9;47.1;63.6
2020;04;ALPES DE HAUTE PROVENCE;93;PROVENCE ALPES COTE D AZUR;25.7;1.3;27.0;4.1;21.8;0.8;22.6;53.7
2020;06;ALPES MARITIMES;93;PROVENCE ALPES COTE D AZUR;25.8;1.5;27.3;1.6;19.6;1.3;20.9;49.8
2020;07;ARDECHE;84;AUVERGNE RHONE ALPES;15.7;2.3;18.0;5.3;34.6;1.1;35.7;59.0
2020;09;ARIEGE;76;OCCITANIE;26.1;1.7;27.8;2.4;24.3;0.6;24.9;55.1
2020;11;AUDE;76;OCCITANIE;16.4;0.7;17.1;4.3;24.0;1.1;25.1;46.5
2020;25;DOUBS;27;BOURGOGNE FRANCHE COMTE;13.7;3.2;16.9;2.7;42.7;0.9;43.5;63.2
2020;26;DROME;84;AUVERGNE RHONE ALPES;17.0;2.3;19.3;2.4;38.5;1.0;39.5;61.2
2020;28;EURE ET LOIR;24;CENTRE VAL DE LOIRE;11.8;1.4;13.2;1.7;46.5;0.9;47.4;62.2
2020;29;FINISTERE;53;BRETAGNE;14.0;1.2;15.2;9.6;51.1;1.3;52.3;77.2
2020;2A;CORSE DU SUD;94;CORSE;22.6;2.7;25.3;1.5;9.8;1.2;11.0;37.8
2020;31;HAUTE GARONNE;76;OCCITANIE;26.6;1.0;27.6;1.3;28.3;2.5;30.8;59.7
2020;36;INDRE;24;CENTRE VAL DE LOIRE;13.4;0.3;13.8;4.0;49.6;0.8;50.4;68.1
2020;37;INDRE ET LOIRE;24;CENTRE VAL DE LOIRE;17.1;2.1;19.2;1.7;50.5;1.4;51.9;72.8
2020;38;ISERE;84;AUVERGNE RHONE ALPES;18.9;4.1;22.9;1.6;43.8;1.0;44.8;69.3
2020;39;JURA;27;BOURGOGNE FRANCHE COMTE;12.6;1.9;14.4;3.9;49.0;0.6;49.6;67.9
2020;40;LANDES;75;NOUVELLE AQUITAINE;12.6;1.9;14.5;2.1;47.3;1.0;48.3;64.9
2020;41;LOIR ET CHER;24;CENTRE VAL DE LOIRE;11.1;1.8;12.9;2.4;50.9;0.4;51.3;66.6
2020;43;HAUTE LOIRE;84;AUVERGNE RHONE ALPES;15.2;1.2;16.4;14.0;45.7;0.8;46.4;76.8
2020;47;LOT ET GARONNE;75;NOUVELLE AQUITAINE;18.5;0.5;19.0;3.3;35.5;0.8;36.3;58.6
2020;54;MEURTHE ET MOSELLE;44;GRAND EST;18.5;1.2;19.7;2.9;35.0;1.3;36.3;58.9
2020;57;MOSELLE;44;GRAND EST;12.7;2.5;15.2;2.1;35.4;0.7;36.0;53.4
2020;58;NIEVRE;27;BOURGOGNE FRANCHE COMTE;15.7;0.5;16.2;5.0;41.3;0.8;42.1;63.4
2020;59;NORD;32;HAUTS DE FRANCE;12.6;4.0;16.6;9.4;31.7;1.2;32.9;58.9
2020;63;PUY DE DOME;84;AUVERGNE RHONE ALPES;14.2;2.2;16.4;1.8;42.7;1.5;44.2;62.4
2020;64;PYRENEES ATLANTIQUES;75;NOUVELLE AQUITAINE;18.8;4.9;23.8;3.1;35.1;1.5;36.6;63.6
2020;66;PYRENEES ORIENTALES;76;OCCITANIE;17.0;4.0;21.0;4.1;24.1;0.7;24.8;50.0
2020;68;HAUT RHIN;44;GRAND EST;19.5;2.4;21.9;2.2;27.6;0.6;28.2;52.3
2020;74;HAUTE SAVOIE;84;AUVERGNE RHONE ALPES;17.8;2.4;20.2;0.8;29.2;0.9;30.1;51.2
2020;75;PARIS;11;ILE DE FRANCE;49.7;3.0;52.7;1.0;4.6;13.9;18.5;72.2
2020;77;SEINE ET MARNE;11;ILE DE FRANCE;15.5;1.4;16.9;1.0;32.3;0.7;33.0;50.9
2020;89;YONNE;27;BOURGOGNE FRANCHE COMTE;14.6;0.5;15.1;2.3;44.1;0.6;44.7;62.1
2020;91;ESSONNE;11;ILE DE FRANCE;20.0;1.4;21.5;1.4;25.8;0.9;26.7;49.5
2020;93;SEINE SAINT DENIS;11;ILE DE FRANCE;17.7;0.8;18.5;1.6;10.4;1.8;12.2;32.2
2020;95;VAL D OISE;11;ILE DE FRANCE;15.6;1.7;17.3;1.3;21.3;1.1;22.4;41.0
2020;971;GUADELOUPE;1;GUADELOUPE;13.9;3.2;17.1;7.6;12.5;1.0;13.5;38.2
2021;06;ALPES MARITIMES;93;PROVENCE ALPES COTE D AZUR;26.6;1.9;28.5;1.6;19.5;1.5;21.0;51.1
2021;10;AUBE;44;GRAND EST;12.7;0.2;12.9;3.2;37.9;1.0;38.9;55.0
2021;14;CALVADOS;28;NORMANDIE;11.9;3.4;15.3;3.7;52.3;1.1;53.4;72.4
2021;15;CANTAL;84;AUVERGNE RHONE ALPES;11.4;2.3;13.7;3.7;52.6;0.9;53.5;70.9
2021;18;CHER;24;CENTRE VAL DE LOIRE;12.8;0.4;13.2;2.5;51.4;0.7;52.1;67.8
2021;22;COTES D ARMOR;53;BRETAGNE;11.5;0.8;12.4;7.0;52.4;0.7;53.2;72.5
2021;23;CREUSE;75;NOUVELLE AQUITAINE;12.5;0.0;12.5;5.7;40.3;0.8;41.1;59.3
2021;28;EURE ET LOIR;24;CENTRE VAL DE LOIRE;12.0;2.1;14.1;1.7;47.5;1.0;48.6;64.4
2021;29;FINISTERE;53;BRETAGNE;14.0;0.6;14.6;9.7;50.1;1.2;51.3;75.6
2021;31;HAUTE GARONNE;76;OCCITANIE;26.5;1.2;27.8;1.3;28.1;2.1;30.2;59.3
2021;35;ILLE ET VILAINE;53;BRETAGNE;12.9;3.9;16.8;7.9;47.2;1.7;48.9;73.6
2021;37;INDRE ET LOIRE;24;CENTRE VAL DE LOIRE;17.0;2.5;19.5;1.6;49.2;1.1;50.3;71.4
2021;38;ISERE;84;AUVERGNE RHONE ALPES;19.3;4.9;24.2;1.6;43.6;1.1;44.7;70.5
2021;49;MAINE ET LOIRE;52;PAYS DE LA LOIRE;13.5;4.5;18.0;5.3;47.8;1.4;49.2;72.5
2021;50;MANCHE;28;NORMANDIE;10.5;1.6;12.1;7.6;57.7;0.9;58.7;78.3
2021;51;MARNE;44;GRAND EST;19.2;8.6;27.8;2.9;27.0;1.5;28.5;59.2
2021;54;MEURTHE ET MOSELLE;44;GRAND EST;19.2;1.5;20.7;2.7;33.5;1.3;34.7;58.1
2021;65;HAUTES PYRENEES;76;OCCITANIE;14.1;4.4;18.5;6.1;30.1;0.8;30.9;55.5
2021;69;RHONE;84;AUVERGNE RHONE ALPES;21.0;4.8;25.8;3.7;26.5;2.5;29.0;58.4
2021;70;HAUTE SAONE;27;BOURGOGNE FRANCHE COMTE;11.0;1.0;12.1;3.2;55.6;0.6;56.2;71.4
2021;71;SAONE ET LOIRE;27;BOURGOGNE FRANCHE COMTE;14.8;4.2;19.0;5.7;47.2;1.0;48.2;72.9
2021;72;SARTHE;52;PAYS DE LA LOIRE;9.5;0.7;10.2;3.6;60.4;1.1;61.4;75.3
2021;74;HAUTE SAVOIE;84;AUVERGNE RHONE ALPES;17.7;3.0;20.7;0.8;31.1;1.0;32.1;53.5
2021;76;SEINE MARITIME;28;NORMANDIE;13.1;3.4;16.5;2.0;44.4;1.0;45.4;63.9
2021;86;VIENNE;75;NOUVELLE AQUITAINE;12.5;0.4;13.0;2.5;47.1;0.9;48.0;63.4
2021;87;HAUTE VIENNE;75;NOUVELLE AQUITAINE;16.4;2.3;18.7;2.2;35.6;1.4;37.1;58.0
2021;91;ESSONNE;11;ILE DE FRANCE;20.7;2.1;22.8;1.6;26.2;0.9;27.0;51.5
2021;95;VAL D OISE;11;ILE DE FRANCE;16.0;2.0;17.9;1.4;20.9;1.1;22.1;41.4
2022;04;ALPES DE HAUTE PROVENCE;93;PROVENCE ALPES COTE D AZUR;25.7;3.0;28.8;3.5;21.3;0.7;22.1;54.3
2022;07;ARDECHE;84;AUVERGNE RHONE ALPES;17.9;2.6;20.5;5.9;37.7;1.0;38.7;65.2
2022;09;ARIEGE;76;OCCITANIE;26.4;1.4;27.8;2.6;25.2;1.0;26.2;56.6
2022;10;AUBE;44;GRAND EST;12.9;0.4;13.3;3.7;38.6;1.1;39.7;56.6
2022;12;AVEYRON;76;OCCITANIE;15.3;2.8;18.1;8.4;41.2;0.8;42.0;68.5
2022;22;COTES D ARMOR;53;BRETAGNE;11.1;1.2;12.3;7.0;52.0;0.7;52.8;72.1
2022;23;CREUSE;75;NOUVELLE AQUITAINE;12.4;0.1;12.5;5.9;39.3;0.7;40.1;58.4
2022;26;DROME;84;AUVERGNE RHONE ALPES;17.7;3.4;21.1;2.4;37.1;1.2;38.3;61.8
2022;27;EURE;28;NORMANDIE;10.7;3.7;14.4;1.7;44.0;0.6;44.6;60.7
2022;2A;CORSE DU SUD;94;CORSE;24.1;1.8;25.9;1.5;10.2;1.2;11.4;38.9
2022;30;GARD;76;OCCITANIE;21.1;1.5;22.6;2.7;26.0;1.2;27.2;52.5
2022;32;GERS;76;OCCITANIE;15.1;1.7;16.7;4.7;40.6;0.7;41.3;62.7
2022;34;HERAULT;76;OCCITANIE;18.8;5.6;24.4;1.8;25.0;1.8;26.8;53.0
2022;35;ILLE ET VILAINE;53;BRETAGNE;13.8;5.0;18.8;8.4;46.6;1.7;48.3;75.5
2022;36;INDRE;24;CENTRE VAL DE LOIRE;13.8;1.0;14.8;4.1;47.6;0.6;48.2;67.1
2022;37;INDRE ET LOIRE;24;CENTRE VAL DE LOIRE;16.3;3.3;19.6;1.7;55.5;1.1;56.5;77.9
2022;38;ISERE;84;AUVERGNE RHONE ALPES;19.4;5.8;25.2;1.5;42.8;1.1;43.9;70.6
2022;39;JURA;27;BOURGOGNE FRANCHE COMTE;13.4;3.1;16.5;4.8;50.4;0.8;51.3;72.5
2022;44;LOIRE ATLANTIQUE;52;PAYS DE LA LOIRE;17.9;4.5;22.4;3.0;47.9;2.9;50.8;76.2
2022;47;LOT ET GARONNE;75;NOUVELLE AQUITAINE;18.9;0.8;19.7;3.2;37.0;0.7;37.7;60.6
2022;53;MAYENNE;52;PAYS DE LA LOIRE;8.5;2.8;11.3;6.8;59.5;0.9;60.5;78.6
2022;61;ORNE;28;NORMANDIE;12.2;0.7;12.9;5.9;43.0;0.9;43.8;62.6
2022;65;HAUTES PYRENEES;76;OCCITANIE;14.6;5.4;20.0;6.0;29.3;1.3;30.6;56.6
2022;68;HAUT RHIN;44;GRAND EST;20.6;3.5;24.2;1.9;27.0;0.5;27.5;53.6
2022;69;RHONE;84;AUVERGNE RHONE ALPES;21.7;5.6;27.3;3.6;27.1;2.6;29.6;60.6
2022;70;HAUTE SAONE;27;BOURGOGNE FRANCHE COMTE;11.6;1.7;13.2;3.0;57.0;0.5;57.5;73.8
2022;71;SAONE ET LOIRE;27;BOURGOGNE FRANCHE COMTE;15.0;5.3;20.3;5.8;45.2;0.8;46.0;72.1
2022;77;SEINE ET MARNE;11;ILE DE FRANCE;15.6;2.3;17.9;0.9;31.5;1.0;32.5;51.3
2022;79;DEUX SEVRES;75;NOUVELLE AQUITAINE;13.0;0.8;13.8;2.8;52.6;1.1;53.7;70.3
2022;82;TARN ET GARONNE;76;OCCITANIE;15.4;3.1;18.6;3.6;30.6;0.8;31.4;53.6
2022;89;YONNE;27;BOURGOGNE FRANCHE COMTE;14.7;0.5;15.2;2.3;42.0;0.7;42.7;60.2
2022;977;COLLECTIVITE D'OUTRE MER SAINT BARTHELEMY;COM;COM;0.0;0.0;0.0;5.1;32.1;2.0;34.2;39.2
